title,location,posted_date,job_id,url
Division VP Land Acquisition,,Posted Today,Division-VP-Land-Acquisition_JR7363,https://pultegroup.wd1.myworkdayjobs.com/en-US/PGI/job/Division-VP-Land-Acquisition_JR7363
Branch Coordinator (Pulte Mortgage),,Posted Today,Branch-Coordinator--Pulte-Mortgage-_JR7278,https://pultegroup.wd1.myworkdayjobs.com/en-US/PGI/job/Branch-Coordinator--Pulte-Mortgage-_JR7278
Division President,,Posted Today,Division-President_JR7360,https://pultegroup.wd1.myworkdayjobs.com/en-US/PGI/job/Division-President_JR7360
Procurement Agent,,Posted Today,Procurement-Agent_JR7022,https://pultegroup.wd1.myworkdayjobs.com/en-US/PGI/job/Procurement-Agent_JR7022
Division Financial Analyst,,Posted Today,Division-Financial-Analyst_JR7359,https://pultegroup.wd1.myworkdayjobs.com/en-US/PGI/job/Division-Financial-Analyst_JR7359
"Procurement Agent - Austin, TX",,Posted Yesterday,Procurement-Agent---Austin--TX_JR6999,https://pultegroup.wd1.myworkdayjobs.com/en-US/PGI/job/Procurement-Agent---Austin--TX_JR6999
"Corporate Audit Manager, Finance Leadership Development",,Posted 2 Days Ago,Corporate-Audit-Manager--Finance-Leadership-Development_JR7357-1,https://pultegroup.wd1.myworkdayjobs.com/en-US/PGI/job/Corporate-Audit-Manager--Finance-Leadership-Development_JR7357-1
Sales Consultant,,Posted 2 Days Ago,Sales-Consultant_JR7358,https://pultegroup.wd1.myworkdayjobs.com/en-US/PGI/job/Sales-Consultant_JR7358
Customer Care Manager II,,Posted 3 Days Ago,Customer-Care-Manager-II_JR7341,https://pultegroup.wd1.myworkdayjobs.com/en-US/PGI/job/Customer-Care-Manager-II_JR7341
"Host II - San Antonio, TX",,Posted 3 Days Ago,Host-II---San-Antonio--TX_JR7321,https://pultegroup.wd1.myworkdayjobs.com/en-US/PGI/job/Host-II---San-Antonio--TX_JR7321
"Host II - San Antonio, TX",,Posted 3 Days Ago,Host-II---San-Antonio--TX_JR7322,https://pultegroup.wd1.myworkdayjobs.com/en-US/PGI/job/Host-II---San-Antonio--TX_JR7322
Assistant Escrow Officer (PGP Title),,Posted 3 Days Ago,Assistant-Escrow-Officer--PGP-Title-_JR7171,https://pultegroup.wd1.myworkdayjobs.com/en-US/PGI/job/Assistant-Escrow-Officer--PGP-Title-_JR7171
Mortgage Financing Advisor - (Pulte Mortgage),,Posted 6 Days Ago,Mortgage-Financing-Advisor----Pulte-Mortgage-_JR7353,https://pultegroup.wd1.myworkdayjobs.com/en-US/PGI/job/Mortgage-Financing-Advisor----Pulte-Mortgage-_JR7353
Hurricane Tie-Down Installer,,Posted 6 Days Ago,Hurricane-Tie-Down-Installer_JR7350,https://pultegroup.wd1.myworkdayjobs.com/en-US/PGI/job/Hurricane-Tie-Down-Installer_JR7350
Construction Manager,,Posted 6 Days Ago,Construction-Manager_JR7349-1,https://pultegroup.wd1.myworkdayjobs.com/en-US/PGI/job/Construction-Manager_JR7349-1
2nd Shift Industrial Maintenance Mechanic,,Posted 6 Days Ago,XMLNAME-2nd-Shift-Industrial-Maintenance-Mechanic_JR7348,https://pultegroup.wd1.myworkdayjobs.com/en-US/PGI/job/XMLNAME-2nd-Shift-Industrial-Maintenance-Mechanic_JR7348
Sales Consultant,,Posted 7 Days Ago,Sales-Consultant_JR7074,https://pultegroup.wd1.myworkdayjobs.com/en-US/PGI/job/Sales-Consultant_JR7074
"Marketing Coordinator - Austin, TX",,Posted 7 Days Ago,Marketing-Coordinator---Austin--TX_JR7347,https://pultegroup.wd1.myworkdayjobs.com/en-US/PGI/job/Marketing-Coordinator---Austin--TX_JR7347
Host II,,Posted 7 Days Ago,Host-II_JR6809,https://pultegroup.wd1.myworkdayjobs.com/en-US/PGI/job/Host-II_JR6809
Sales Associate,,Posted 7 Days Ago,Sales-Associate_JR6808,https://pultegroup.wd1.myworkdayjobs.com/en-US/PGI/job/Sales-Associate_JR6808
"Customer Care Manager II - Brentwood, TN",,Posted 7 Days Ago,Customer-Care-Manager-II---Brentwood--TN_JR7346,https://pultegroup.wd1.myworkdayjobs.com/en-US/PGI/job/Customer-Care-Manager-II---Brentwood--TN_JR7346
Resource Scheduling Coordinator,,Posted 7 Days Ago,Resource-Scheduling-Coordinator_JR7344,https://pultegroup.wd1.myworkdayjobs.com/en-US/PGI/job/Resource-Scheduling-Coordinator_JR7344
New Home Sales Consultant,,Posted 7 Days Ago,New-Home-Sales-Consultant_JR7342,https://pultegroup.wd1.myworkdayjobs.com/en-US/PGI/job/New-Home-Sales-Consultant_JR7342
Escrow Officer (PGP Title),,Posted 8 Days Ago,Escrow-Officer--PGP-Title-_JR6956,https://pultegroup.wd1.myworkdayjobs.com/en-US/PGI/job/Escrow-Officer--PGP-Title-_JR6956
Procurement Coordinator,,Posted 8 Days Ago,Procurement-Coordinator_JR7338,https://pultegroup.wd1.myworkdayjobs.com/en-US/PGI/job/Procurement-Coordinator_JR7338
"Market Intelligence Analyst/Land Analyst - Myrtle Beach, SC",,Posted 8 Days Ago,Market-Intelligence-Analyst-Land-Analyst---Myrtle-Beach--SC_JR7336,https://pultegroup.wd1.myworkdayjobs.com/en-US/PGI/job/Market-Intelligence-Analyst-Land-Analyst---Myrtle-Beach--SC_JR7336
Director National Real Estate,,Posted 8 Days Ago,Director-National-Real-Estate_JR7335-1,https://pultegroup.wd1.myworkdayjobs.com/en-US/PGI/job/Director-National-Real-Estate_JR7335-1
Escrow Processor (PGP Title),,Posted 8 Days Ago,Escrow-Processor--PGP-Title-_JR7334-1,https://pultegroup.wd1.myworkdayjobs.com/en-US/PGI/job/Escrow-Processor--PGP-Title-_JR7334-1
Commercial Escrow Officer (PGP Title),,Posted 8 Days Ago,Commercial-Escrow-Officer--PGP-Title-_JR7332,https://pultegroup.wd1.myworkdayjobs.com/en-US/PGI/job/Commercial-Escrow-Officer--PGP-Title-_JR7332
Escrow Manager (PGP Title),,Posted 9 Days Ago,Escrow-Manager--PGP-Title-_JR7326,https://pultegroup.wd1.myworkdayjobs.com/en-US/PGI/job/Escrow-Manager--PGP-Title-_JR7326
Resource Scheduling Coordinator,,Posted 10 Days Ago,Resource-Scheduling-Coordinator_JR7307,https://pultegroup.wd1.myworkdayjobs.com/en-US/PGI/job/Resource-Scheduling-Coordinator_JR7307
"Resource Scheduling Expeditor - Cary, NC",,Posted 10 Days Ago,Resource-Scheduling-Expeditor---Cary--NC_JR7323,https://pultegroup.wd1.myworkdayjobs.com/en-US/PGI/job/Resource-Scheduling-Expeditor---Cary--NC_JR7323
Insurance Sales Agent (Pulte Insurance Agency),,Posted 10 Days Ago,Insurance-Sales-Agent--Pulte-Insurance-Agency-_JR7305,https://pultegroup.wd1.myworkdayjobs.com/en-US/PGI/job/Insurance-Sales-Agent--Pulte-Insurance-Agency-_JR7305
Mortgage Branch Manager (Pulte Mortgage),,Posted 10 Days Ago,Mortgage-Branch-Manager--Pule-Mortgage-_JR7302-1,https://pultegroup.wd1.myworkdayjobs.com/en-US/PGI/job/Mortgage-Branch-Manager--Pule-Mortgage-_JR7302-1
Manager Land Planning & Entitlements,,Posted 10 Days Ago,Manager-Land-Planning---Entitlements_JR7318-1,https://pultegroup.wd1.myworkdayjobs.com/en-US/PGI/job/Manager-Land-Planning---Entitlements_JR7318-1
"Land Project Manager - Austin, TX",,Posted 10 Days Ago,Land-Project-Manager---Austin--TX_JR7313,https://pultegroup.wd1.myworkdayjobs.com/en-US/PGI/job/Land-Project-Manager---Austin--TX_JR7313
Sales Consultant (Dallas Area),,Posted 10 Days Ago,Sales-Consultant--Dallas-Area-_JR7312,https://pultegroup.wd1.myworkdayjobs.com/en-US/PGI/job/Sales-Consultant--Dallas-Area-_JR7312
Security Engineer,,Posted 13 Days Ago,Security-Engineer_JR7310,https://pultegroup.wd1.myworkdayjobs.com/en-US/PGI/job/Security-Engineer_JR7310
Assistant Construction Manager,,Posted 13 Days Ago,Assistant-Construction-Manager_JR7304,https://pultegroup.wd1.myworkdayjobs.com/en-US/PGI/job/Assistant-Construction-Manager_JR7304
Customer Care Manager II (Cumming Area),,Posted 13 Days Ago,Customer-Care-Manager-II--Cumming-Area-_JR7215,https://pultegroup.wd1.myworkdayjobs.com/en-US/PGI/job/Customer-Care-Manager-II--Cumming-Area-_JR7215
Front Desk Office Assistant,,Posted 14 Days Ago,Administrative-Assistant-II_JR7047,https://pultegroup.wd1.myworkdayjobs.com/en-US/PGI/job/Administrative-Assistant-II_JR7047
Senior Analyst - CX,,Posted 14 Days Ago,Senior-Analyst---CX_JR7299,https://pultegroup.wd1.myworkdayjobs.com/en-US/PGI/job/Senior-Analyst---CX_JR7299
Host II (Ft. Myers Area),,Posted 14 Days Ago,Host-II--Ft-Myers-Area-_JR7297,https://pultegroup.wd1.myworkdayjobs.com/en-US/PGI/job/Host-II--Ft-Myers-Area-_JR7297
"Procurement Coordinator - Charlotte, NC",,Posted 14 Days Ago,Procurement-Coordinator---Charlotte--NC_JR7296,https://pultegroup.wd1.myworkdayjobs.com/en-US/PGI/job/Procurement-Coordinator---Charlotte--NC_JR7296
Land Development Manager,,Posted 15 Days Ago,Land-Development-Manager_JR7294-1,https://pultegroup.wd1.myworkdayjobs.com/en-US/PGI/job/Land-Development-Manager_JR7294-1
Closing Coordinator,,Posted 15 Days Ago,Closing-Coordinator_JR7267,https://pultegroup.wd1.myworkdayjobs.com/en-US/PGI/job/Closing-Coordinator_JR7267
Sales Consultant (Bradenton/Sarasota/Englewood Area),,Posted 15 Days Ago,Sales-Consultant--Bradenton-Sarasota-Englewood-Area-_JR7291,https://pultegroup.wd1.myworkdayjobs.com/en-US/PGI/job/Sales-Consultant--Bradenton-Sarasota-Englewood-Area-_JR7291
"Sales Consultant - Columbia, SC",,Posted 15 Days Ago,Sales-Consultant---Columbia--SC_JR7289-1,https://pultegroup.wd1.myworkdayjobs.com/en-US/PGI/job/Sales-Consultant---Columbia--SC_JR7289-1
New Home Sales Consultant,,Posted 15 Days Ago,New-Home-Sales-Consultant_JR7287,https://pultegroup.wd1.myworkdayjobs.com/en-US/PGI/job/New-Home-Sales-Consultant_JR7287
Product Owner,,Posted 16 Days Ago,Product-Owner_JR7270,https://pultegroup.wd1.myworkdayjobs.com/en-US/PGI/job/Product-Owner_JR7270
Scrum Master,,Posted 16 Days Ago,Scrum-Master_JR7284,https://pultegroup.wd1.myworkdayjobs.com/en-US/PGI/job/Scrum-Master_JR7284
Branch Coordinator (Pulte Mortgage),,Posted 16 Days Ago,Branch-Coordinator--Pulte-Mortgage-_JR7283,https://pultegroup.wd1.myworkdayjobs.com/en-US/PGI/job/Branch-Coordinator--Pulte-Mortgage-_JR7283
Project Administrator,,Posted 16 Days Ago,Project-Administrator_JR7281,https://pultegroup.wd1.myworkdayjobs.com/en-US/PGI/job/Project-Administrator_JR7281
Virtual Customer Care Manager,,Posted 16 Days Ago,Virtual-Customer-Care-Manager_JR7279,https://pultegroup.wd1.myworkdayjobs.com/en-US/PGI/job/Virtual-Customer-Care-Manager_JR7279
New Home Sales Consultant,,Posted 16 Days Ago,Sales-Consultant_JR7277,https://pultegroup.wd1.myworkdayjobs.com/en-US/PGI/job/Sales-Consultant_JR7277
Land Acquisition Manager,,Posted 16 Days Ago,Land-Acquisition-Manager_JR7274,https://pultegroup.wd1.myworkdayjobs.com/en-US/PGI/job/Land-Acquisition-Manager_JR7274
"Land Coordinator - San Antonio, TX",,Posted 16 Days Ago,Land-Coordinator---San-Antonio--TX_JR7273-1,https://pultegroup.wd1.myworkdayjobs.com/en-US/PGI/job/Land-Coordinator---San-Antonio--TX_JR7273-1
"Land Aquisition Manager - San Antonio, TX",,Posted 16 Days Ago,Land-Aquisition-Manager---San-Antonio--TX_JR7272,https://pultegroup.wd1.myworkdayjobs.com/en-US/PGI/job/Land-Aquisition-Manager---San-Antonio--TX_JR7272
Customer Care Manager II,,Posted 16 Days Ago,Customer-Care-Manager-II_JR7271,https://pultegroup.wd1.myworkdayjobs.com/en-US/PGI/job/Customer-Care-Manager-II_JR7271
Product Owner,,Posted 16 Days Ago,Product-Owner_JR7268-1,https://pultegroup.wd1.myworkdayjobs.com/en-US/PGI/job/Product-Owner_JR7268-1
Procurement Agent,,Posted 17 Days Ago,Procurement-Agent_JR7264,https://pultegroup.wd1.myworkdayjobs.com/en-US/PGI/job/Procurement-Agent_JR7264
Construction Manager,,Posted 17 Days Ago,Construction-Manager_JR7263,https://pultegroup.wd1.myworkdayjobs.com/en-US/PGI/job/Construction-Manager_JR7263
Class A CDL Flatbed Driver,,Posted 17 Days Ago,Class-A-CDL-Flatbed-Driver_JR5512,https://pultegroup.wd1.myworkdayjobs.com/en-US/PGI/job/Class-A-CDL-Flatbed-Driver_JR5512
Manager Resource Planning,,Posted 20 Days Ago,Manager-Resource-Planning_JR7256,https://pultegroup.wd1.myworkdayjobs.com/en-US/PGI/job/Manager-Resource-Planning_JR7256
Manager Land Planning & Entitlement,,Posted 20 Days Ago,Manager-Land-Planning---Entitlement_JR7254,https://pultegroup.wd1.myworkdayjobs.com/en-US/PGI/job/Manager-Land-Planning---Entitlement_JR7254
Construction Manager,,Posted 20 Days Ago,Construction-Manager_JR7252,https://pultegroup.wd1.myworkdayjobs.com/en-US/PGI/job/Construction-Manager_JR7252
1st Shift Component Assembler (Truss),,Posted 21 Days Ago,XMLNAME-1st-Shift-Component-Assembler--Truss-_JR7246-1,https://pultegroup.wd1.myworkdayjobs.com/en-US/PGI/job/XMLNAME-1st-Shift-Component-Assembler--Truss-_JR7246-1
"Procurement Agent - Houston, TX",,Posted 21 Days Ago,Procurement-Agent---Houston--TX_JR6948,https://pultegroup.wd1.myworkdayjobs.com/en-US/PGI/job/Procurement-Agent---Houston--TX_JR6948
Director Product Management,,Posted 21 Days Ago,Director-Project-Management_JR6994,https://pultegroup.wd1.myworkdayjobs.com/en-US/PGI/job/Director-Project-Management_JR6994
"Sales Administrator - Coppell, TX",,Posted 21 Days Ago,Sales-Administrator---Coppell--TX_JR5849,https://pultegroup.wd1.myworkdayjobs.com/en-US/PGI/job/Sales-Administrator---Coppell--TX_JR5849
Design Team Leader,,Posted 21 Days Ago,Design-Team-Leader_JR7244,https://pultegroup.wd1.myworkdayjobs.com/en-US/PGI/job/Design-Team-Leader_JR7244
"Assistant Construction Manager - Nashville, TN",,Posted 21 Days Ago,Assistant-Construction-Manager---Nashville--TN_JR7243,https://pultegroup.wd1.myworkdayjobs.com/en-US/PGI/job/Assistant-Construction-Manager---Nashville--TN_JR7243
Superintendent,,Posted 21 Days Ago,Superintendent_JR7194,https://pultegroup.wd1.myworkdayjobs.com/en-US/PGI/job/Superintendent_JR7194
IT Manager,,Posted 22 Days Ago,IT-Manager_JR7235,https://pultegroup.wd1.myworkdayjobs.com/en-US/PGI/job/IT-Manager_JR7235
"Sales Consultant - Manteca, CA",,Posted 23 Days Ago,Sales-Consultant---Manteca--CA_JR6764,https://pultegroup.wd1.myworkdayjobs.com/en-US/PGI/job/Sales-Consultant---Manteca--CA_JR6764
Sales Administrator,,Posted 23 Days Ago,Sales-Administrator_JR7228,https://pultegroup.wd1.myworkdayjobs.com/en-US/PGI/job/Sales-Administrator_JR7228
Field Support Engineer I,,Posted 24 Days Ago,Field-Support-Engineer-I_JR7224,https://pultegroup.wd1.myworkdayjobs.com/en-US/PGI/job/Field-Support-Engineer-I_JR7224
Online Sales Specialist,,Posted 24 Days Ago,Online-Sales-Specialist_JR7223,https://pultegroup.wd1.myworkdayjobs.com/en-US/PGI/job/Online-Sales-Specialist_JR7223
"Division Product Manager - Charleston, SC",,Posted 24 Days Ago,Division-Product-Manager---Charleston--SC_JR7217,https://pultegroup.wd1.myworkdayjobs.com/en-US/PGI/job/Division-Product-Manager---Charleston--SC_JR7217
"Land Acquisition Manager - Houston, TX",,Posted 27 Days Ago,Land-Acquisition-Manager---Houston--TX_JR7094-1,https://pultegroup.wd1.myworkdayjobs.com/en-US/PGI/job/Land-Acquisition-Manager---Houston--TX_JR7094-1
"Project Manager Land Acquisition - Houston, TX",,Posted 27 Days Ago,Project-Manager-Land-Acquisition---Houston--TX_JR7093,https://pultegroup.wd1.myworkdayjobs.com/en-US/PGI/job/Project-Manager-Land-Acquisition---Houston--TX_JR7093
"Director of Land Planning & Entitlement - Houston, TX",,Posted 27 Days Ago,Director-of-Land-Planning---Entitlement---Houston--TX_JR7095,https://pultegroup.wd1.myworkdayjobs.com/en-US/PGI/job/Director-of-Land-Planning---Entitlement---Houston--TX_JR7095
"Resource Scheduling Coordinator - Charleston, SC",,Posted 28 Days Ago,Resource-Scheduling-Coordinator---Charleston--SC_JR7212-1,https://pultegroup.wd1.myworkdayjobs.com/en-US/PGI/job/Resource-Scheduling-Coordinator---Charleston--SC_JR7212-1
Director People & Culture,,Posted 28 Days Ago,Director-People---Culture_JR7198,https://pultegroup.wd1.myworkdayjobs.com/en-US/PGI/job/Director-People---Culture_JR7198
CAD Technician,,Posted 28 Days Ago,CAD-Technician_JR7210,https://pultegroup.wd1.myworkdayjobs.com/en-US/PGI/job/CAD-Technician_JR7210
Field Support Engineer I,,Posted 29 Days Ago,Field-Support-Engineer-I_JR7209,https://pultegroup.wd1.myworkdayjobs.com/en-US/PGI/job/Field-Support-Engineer-I_JR7209
2nd Shift Component Assembler (Panel),,Posted 29 Days Ago,XMLNAME-2nd-Shift-Component-Assembler--Panel-_JR6591,https://pultegroup.wd1.myworkdayjobs.com/en-US/PGI/job/XMLNAME-2nd-Shift-Component-Assembler--Panel-_JR6591
Senior Full Stack Developer (PulteMortgage),,Posted 29 Days Ago,Senior-Full-Stack-Developer--PulteMortgage-_JR7023,https://pultegroup.wd1.myworkdayjobs.com/en-US/PGI/job/Senior-Full-Stack-Developer--PulteMortgage-_JR7023
"NSS Accounting Intern - Atlanta, Ga",,Posted 29 Days Ago,NSS-Intern---Atlanta--Ga_JR6642,https://pultegroup.wd1.myworkdayjobs.com/en-US/PGI/job/NSS-Intern---Atlanta--Ga_JR6642
Construction Manager,,Posted 30 Days Ago,Construction-Manager_JR7207,https://pultegroup.wd1.myworkdayjobs.com/en-US/PGI/job/Construction-Manager_JR7207
Procurement Agent,,Posted 30 Days Ago,Procurement-Agent_JR7206,https://pultegroup.wd1.myworkdayjobs.com/en-US/PGI/job/Procurement-Agent_JR7206
Division Controller I,,Posted 30 Days Ago,Division-Controller-I_JR7205-1,https://pultegroup.wd1.myworkdayjobs.com/en-US/PGI/job/Division-Controller-I_JR7205-1
Land Project Manager,,Posted 30 Days Ago,Land-Project-Manager_JR7204,https://pultegroup.wd1.myworkdayjobs.com/en-US/PGI/job/Land-Project-Manager_JR7204
Material Handler,,Posted 30 Days Ago,Material-Handler_JR7203,https://pultegroup.wd1.myworkdayjobs.com/en-US/PGI/job/Material-Handler_JR7203
Superintendent,,Posted 30 Days Ago,Superintendent_JR7195,https://pultegroup.wd1.myworkdayjobs.com/en-US/PGI/job/Superintendent_JR7195
Escrow Branch Manager (PGP Title),,Posted 30 Days Ago,Branch-Manager--PGP-Title-_JR6954,https://pultegroup.wd1.myworkdayjobs.com/en-US/PGI/job/Branch-Manager--PGP-Title-_JR6954
"Sales Consultant - Wilmington, NC",,Posted 30 Days Ago,Sales-Consultant---Wilmington--NC_JR6965,https://pultegroup.wd1.myworkdayjobs.com/en-US/PGI/job/Sales-Consultant---Wilmington--NC_JR6965
Mortgage Branch Manager - (Pulte Mortgage),,Posted 30+ Days Ago,Mortgage-Branch-Manager----Pulte-Mortgage-_JR6971,https://pultegroup.wd1.myworkdayjobs.com/en-US/PGI/job/Mortgage-Branch-Manager----Pulte-Mortgage-_JR6971
"Division Assistant Controller - Houston, TX",,Posted 30+ Days Ago,Division-Assistant-Controller---Houston--TX_JR7201,https://pultegroup.wd1.myworkdayjobs.com/en-US/PGI/job/Division-Assistant-Controller---Houston--TX_JR7201
"Online Sales Specialist - Raleigh, NC",,Posted 30+ Days Ago,Online-Sales-Specialist---Raleigh--NC_JR6100-1,https://pultegroup.wd1.myworkdayjobs.com/en-US/PGI/job/Online-Sales-Specialist---Raleigh--NC_JR6100-1
General Sales Manager,,Posted 30+ Days Ago,General-Sales-Manager_JR7199,https://pultegroup.wd1.myworkdayjobs.com/en-US/PGI/job/General-Sales-Manager_JR7199
Design Center Consultant,,Posted 30+ Days Ago,Design-Center-Consultant_JR6663-1,https://pultegroup.wd1.myworkdayjobs.com/en-US/PGI/job/Design-Center-Consultant_JR6663-1
"Sales Consultant - Houston, TX",,Posted 30+ Days Ago,Sales-Consultant---Houston--TX_JR6946,https://pultegroup.wd1.myworkdayjobs.com/en-US/PGI/job/Sales-Consultant---Houston--TX_JR6946
"General Sales Manager - Wilmington, NC",,Posted 30+ Days Ago,General-Sales-Manager---Wilmington--NC_JR7191,https://pultegroup.wd1.myworkdayjobs.com/en-US/PGI/job/General-Sales-Manager---Wilmington--NC_JR7191
Sales Consultant,,Posted 30+ Days Ago,Sales-Consultant_JR7190,https://pultegroup.wd1.myworkdayjobs.com/en-US/PGI/job/Sales-Consultant_JR7190
New Home Sales Consultant,,Posted 30+ Days Ago,New-Home-Sales-Consultant_JR7181,https://pultegroup.wd1.myworkdayjobs.com/en-US/PGI/job/New-Home-Sales-Consultant_JR7181
Selling Sales Manager,,Posted 30+ Days Ago,Selling-Sales-Manager_JR7165,https://pultegroup.wd1.myworkdayjobs.com/en-US/PGI/job/Selling-Sales-Manager_JR7165
Customer Care Manager II,,Posted 30+ Days Ago,Customer-Care-Manager-II_JR7187,https://pultegroup.wd1.myworkdayjobs.com/en-US/PGI/job/Customer-Care-Manager-II_JR7187
Director Market Intelligence,,Posted 30+ Days Ago,Director-Market-Intelligence_JR7168,https://pultegroup.wd1.myworkdayjobs.com/en-US/PGI/job/Director-Market-Intelligence_JR7168
"Land Development Manager - Myrtle Beach, SC",,Posted 30+ Days Ago,Land-Development-Manager---Myrtle-Beach--SC_JR7184,https://pultegroup.wd1.myworkdayjobs.com/en-US/PGI/job/Land-Development-Manager---Myrtle-Beach--SC_JR7184
"Sales Consultant - San Antonio, TX",,Posted 30+ Days Ago,Sales-Consultant---San-Antonio--TX_JR7176,https://pultegroup.wd1.myworkdayjobs.com/en-US/PGI/job/Sales-Consultant---San-Antonio--TX_JR7176
Division Staff Accountant,,Posted 30+ Days Ago,Division-Staff-Accountant_JR7170,https://pultegroup.wd1.myworkdayjobs.com/en-US/PGI/job/Division-Staff-Accountant_JR7170
Loan Consultant Trainee - (Pulte Mortgage),,Posted 30+ Days Ago,Loan-Consultant-Trainee----Pulte-Mortgage-_JR7091,https://pultegroup.wd1.myworkdayjobs.com/en-US/PGI/job/Loan-Consultant-Trainee----Pulte-Mortgage-_JR7091
Sales Consultant - Southeast Valley,,Posted 30+ Days Ago,Sales-Consultant---Southeast-Valley_JR7167,https://pultegroup.wd1.myworkdayjobs.com/en-US/PGI/job/Sales-Consultant---Southeast-Valley_JR7167
Litigation Manager,,Posted 30+ Days Ago,Litigation-Manager_JR6952,https://pultegroup.wd1.myworkdayjobs.com/en-US/PGI/job/Litigation-Manager_JR6952
Manager of Market Intelligence,,Posted 30+ Days Ago,Manager-of-Market-Intelligence_JR7070,https://pultegroup.wd1.myworkdayjobs.com/en-US/PGI/job/Manager-of-Market-Intelligence_JR7070
"Sales Consultant - Charlotte, NC",,Posted 30+ Days Ago,Sales-Consultant---Charlotte--NC_JR7162,https://pultegroup.wd1.myworkdayjobs.com/en-US/PGI/job/Sales-Consultant---Charlotte--NC_JR7162
Staff Accountant,,Posted 30+ Days Ago,Staff-Accountant_JR7161-1,https://pultegroup.wd1.myworkdayjobs.com/en-US/PGI/job/Staff-Accountant_JR7161-1
Mortgage Financing Advisor - (Pulte Mortgage),,Posted 30+ Days Ago,Mortgage-Financing-Advisor----Pulte-Mortgage-_JR7159,https://pultegroup.wd1.myworkdayjobs.com/en-US/PGI/job/Mortgage-Financing-Advisor----Pulte-Mortgage-_JR7159
"Division Senior Accountant - Coppell, TX",,Posted 30+ Days Ago,Senior-Accountant---Coppell--TX_JR7156,https://pultegroup.wd1.myworkdayjobs.com/en-US/PGI/job/Senior-Accountant---Coppell--TX_JR7156
Division Product Agent,,Posted 30+ Days Ago,Division-Product-Agent_JR7142,https://pultegroup.wd1.myworkdayjobs.com/en-US/PGI/job/Division-Product-Agent_JR7142
"Procurement Coordinator - Nashville, TN",,Posted 30+ Days Ago,Procurement-Coordinator---Nashville--TN_JR7152,https://pultegroup.wd1.myworkdayjobs.com/en-US/PGI/job/Procurement-Coordinator---Nashville--TN_JR7152
Maintenance Manager,,Posted 30+ Days Ago,Sr-Maintenance-Manager_JR7072-1,https://pultegroup.wd1.myworkdayjobs.com/en-US/PGI/job/Sr-Maintenance-Manager_JR7072-1
Class A CDL Flatbed Driver,,Posted 30+ Days Ago,Class-A-CDL-Flatbed-Driver_JR7145,https://pultegroup.wd1.myworkdayjobs.com/en-US/PGI/job/Class-A-CDL-Flatbed-Driver_JR7145
Escrow Production Manager (PGP Title),,Posted 30+ Days Ago,Escrow-Production-Manager--PGP-Title-_JR7143,https://pultegroup.wd1.myworkdayjobs.com/en-US/PGI/job/Escrow-Production-Manager--PGP-Title-_JR7143
Construction Manager,,Posted 30+ Days Ago,Construction-Manager_JR7141,https://pultegroup.wd1.myworkdayjobs.com/en-US/PGI/job/Construction-Manager_JR7141
"Customer Care Manager II (Covington, GA)",,Posted 30+ Days Ago,Customer-Care-Manager-II--Covington--GA-_JR7082,https://pultegroup.wd1.myworkdayjobs.com/en-US/PGI/job/Customer-Care-Manager-II--Covington--GA-_JR7082
Material Handler,,Posted 30+ Days Ago,Material-Handler_JR7140,https://pultegroup.wd1.myworkdayjobs.com/en-US/PGI/job/Material-Handler_JR7140
"Sales Consultant - San Jose, CA",,Posted 30+ Days Ago,Sales-Consultant---San-Jose--CA_JR7139,https://pultegroup.wd1.myworkdayjobs.com/en-US/PGI/job/Sales-Consultant---San-Jose--CA_JR7139
"Sales Consultant - Manteca, CA",,Posted 30+ Days Ago,Sales-Consultant---Manteca--CA_JR7137,https://pultegroup.wd1.myworkdayjobs.com/en-US/PGI/job/Sales-Consultant---Manteca--CA_JR7137
Construction Manager,,Posted 30+ Days Ago,Construction-Manager_JR7136,https://pultegroup.wd1.myworkdayjobs.com/en-US/PGI/job/Construction-Manager_JR7136
Construction Manager,,Posted 30+ Days Ago,Construction-Manager_JR7135,https://pultegroup.wd1.myworkdayjobs.com/en-US/PGI/job/Construction-Manager_JR7135
Construction Manager,,Posted 30+ Days Ago,Construction-Manager_JR7134,https://pultegroup.wd1.myworkdayjobs.com/en-US/PGI/job/Construction-Manager_JR7134
2nd Shift Component Assembler - Truss,,Posted 30+ Days Ago,XMLNAME-2nd-Shift-Component-Assembler---Truss_JR6691,https://pultegroup.wd1.myworkdayjobs.com/en-US/PGI/job/XMLNAME-2nd-Shift-Component-Assembler---Truss_JR6691
Escrow Manager - (CA) (PGP Escrow),,Posted 30+ Days Ago,Escrow-Manager----CA---PGP-Escrow-_JR7119,https://pultegroup.wd1.myworkdayjobs.com/en-US/PGI/job/Escrow-Manager----CA---PGP-Escrow-_JR7119
"Sales Administrator - Savannah, GA",,Posted 30+ Days Ago,Sales-Administrator---Savannah--GA_JR7112,https://pultegroup.wd1.myworkdayjobs.com/en-US/PGI/job/Sales-Administrator---Savannah--GA_JR7112
Vice President of Finance,,Posted 30+ Days Ago,Division-VP-of-Finance_JR7024,https://pultegroup.wd1.myworkdayjobs.com/en-US/PGI/job/Division-VP-of-Finance_JR7024
"Sales Consultant - Charlotte, NC",,Posted 30+ Days Ago,Sales-Consultant---Charlotte--NC_JR7110,https://pultegroup.wd1.myworkdayjobs.com/en-US/PGI/job/Sales-Consultant---Charlotte--NC_JR7110
"Online Sales Specialist - Coppell, TX",,Posted 30+ Days Ago,Online-Sales-Specialist---Coppell--TX_JR7106,https://pultegroup.wd1.myworkdayjobs.com/en-US/PGI/job/Online-Sales-Specialist---Coppell--TX_JR7106
Project Manager Land Acquisition,,Posted 30+ Days Ago,Project-Manager-Land-Acquisition_JR7102,https://pultegroup.wd1.myworkdayjobs.com/en-US/PGI/job/Project-Manager-Land-Acquisition_JR7102
Architectural Project Manager,,Posted 30+ Days Ago,Project-Manager--ZONE-_JR7009,https://pultegroup.wd1.myworkdayjobs.com/en-US/PGI/job/Project-Manager--ZONE-_JR7009
Architectural Project Manager,,Posted 30+ Days Ago,Production-Manager--ZONE-_JR6979-1,https://pultegroup.wd1.myworkdayjobs.com/en-US/PGI/job/Production-Manager--ZONE-_JR6979-1
Architectural Sr. Residential Draftperson,,Posted 30+ Days Ago,Senior-Residential-Draftperson_JR6968,https://pultegroup.wd1.myworkdayjobs.com/en-US/PGI/job/Senior-Residential-Draftperson_JR6968
Customer Care Manager II,,Posted 30+ Days Ago,Customer-Care-Manager-II_JR7081,https://pultegroup.wd1.myworkdayjobs.com/en-US/PGI/job/Customer-Care-Manager-II_JR7081
"Host - Lathrop, CA (Part-time)",,Posted 30+ Days Ago,Host---Lathrop--CA_JR7073,https://pultegroup.wd1.myworkdayjobs.com/en-US/PGI/job/Host---Lathrop--CA_JR7073
Class A CDL Flatbed Driver,,Posted 30+ Days Ago,Class-A-CDL-Flatbed-Driver_JR7077,https://pultegroup.wd1.myworkdayjobs.com/en-US/PGI/job/Class-A-CDL-Flatbed-Driver_JR7077
Construction Manager,,Posted 30+ Days Ago,Construction-Manager_JR7076,https://pultegroup.wd1.myworkdayjobs.com/en-US/PGI/job/Construction-Manager_JR7076
Class A CDL Flatbed Driver,,Posted 30+ Days Ago,Class-A-CDL-Flatbed-Driver_JR7075,https://pultegroup.wd1.myworkdayjobs.com/en-US/PGI/job/Class-A-CDL-Flatbed-Driver_JR7075
Sales Consultant,,Posted 30+ Days Ago,Sales-Consultant_JR7071,https://pultegroup.wd1.myworkdayjobs.com/en-US/PGI/job/Sales-Consultant_JR7071
Sales Consultant (Fort Myers Area),,Posted 30+ Days Ago,Sales-Consultant--Fort-Myers-Area-_JR6949,https://pultegroup.wd1.myworkdayjobs.com/en-US/PGI/job/Sales-Consultant--Fort-Myers-Area-_JR6949
Director Land Development,,Posted 30+ Days Ago,Director-Land-Development_JR7057,https://pultegroup.wd1.myworkdayjobs.com/en-US/PGI/job/Director-Land-Development_JR7057
Escrow Officer (PGPTitle),,Posted 30+ Days Ago,Escrow-Officer--PGPTitle-_JR7043,https://pultegroup.wd1.myworkdayjobs.com/en-US/PGI/job/Escrow-Officer--PGPTitle-_JR7043
Manager Land Acquisition,,Posted 30+ Days Ago,Manager-Land-Acquisition_JR7044,https://pultegroup.wd1.myworkdayjobs.com/en-US/PGI/job/Manager-Land-Acquisition_JR7044
Sales Consultant,,Posted 30+ Days Ago,Sales-Consultant_JR3975,https://pultegroup.wd1.myworkdayjobs.com/en-US/PGI/job/Sales-Consultant_JR3975
Marketing Coordinator,,Posted 30+ Days Ago,Marketing-Coordinator_JR6678-1,https://pultegroup.wd1.myworkdayjobs.com/en-US/PGI/job/Marketing-Coordinator_JR6678-1
Customer Care Manager II,,Posted 30+ Days Ago,Customer-Care-Manager-II_JR7031-1,https://pultegroup.wd1.myworkdayjobs.com/en-US/PGI/job/Customer-Care-Manager-II_JR7031-1
Manager of Market Intelligence,,Posted 30+ Days Ago,Manager-of-Market-Intelligence_JR7025,https://pultegroup.wd1.myworkdayjobs.com/en-US/PGI/job/Manager-of-Market-Intelligence_JR7025
"Procurement Coordinator - Houston, TX",,Posted 30+ Days Ago,Procurement-Coordinator---Houston--TX_JR7021-1,https://pultegroup.wd1.myworkdayjobs.com/en-US/PGI/job/Procurement-Coordinator---Houston--TX_JR7021-1
New Home Sales Consultant,,Posted 30+ Days Ago,New-Home-Sales-Consultant_JR7018,https://pultegroup.wd1.myworkdayjobs.com/en-US/PGI/job/New-Home-Sales-Consultant_JR7018
Operations Manager,,Posted 30+ Days Ago,Operations-Manager_JR7010,https://pultegroup.wd1.myworkdayjobs.com/en-US/PGI/job/Operations-Manager_JR7010
Construction Manager,,Posted 30+ Days Ago,Construction-Manager_JR7007-1,https://pultegroup.wd1.myworkdayjobs.com/en-US/PGI/job/Construction-Manager_JR7007-1
Senior Procurement Agent,,Posted 30+ Days Ago,Senior-Procurement-Agent_JR6993,https://pultegroup.wd1.myworkdayjobs.com/en-US/PGI/job/Senior-Procurement-Agent_JR6993
Construction Manager,,Posted 30+ Days Ago,Construction-Manager_JR6960,https://pultegroup.wd1.myworkdayjobs.com/en-US/PGI/job/Construction-Manager_JR6960
Construction Manager,,Posted 30+ Days Ago,Construction-Manager_JR6986,https://pultegroup.wd1.myworkdayjobs.com/en-US/PGI/job/Construction-Manager_JR6986
NSS Staff Accountant I,,Posted 30+ Days Ago,NSS-Staff-Accountant-I_JR6958,https://pultegroup.wd1.myworkdayjobs.com/en-US/PGI/job/NSS-Staff-Accountant-I_JR6958
Sales Consultant (Henry County),,Posted 30+ Days Ago,Sales-Consultant--Henry-County-_JR6959,https://pultegroup.wd1.myworkdayjobs.com/en-US/PGI/job/Sales-Consultant--Henry-County-_JR6959
"Construction Manager - Bluffton, SC",,Posted 30+ Days Ago,Construction-Manager_JR6832,https://pultegroup.wd1.myworkdayjobs.com/en-US/PGI/job/Construction-Manager_JR6832
Material Handler,,Posted 30+ Days Ago,Material-Handler_JR6957-1,https://pultegroup.wd1.myworkdayjobs.com/en-US/PGI/job/Material-Handler_JR6957-1
Sales Consultant (Punta Gorda Area),,Posted 30+ Days Ago,Sales-Consultant--Punta-Gorda-Area-_JR6950,https://pultegroup.wd1.myworkdayjobs.com/en-US/PGI/job/Sales-Consultant--Punta-Gorda-Area-_JR6950
NSS Senior Accountant I,,Posted 30+ Days Ago,NSS-Senior-Accountant-I_JR6940,https://pultegroup.wd1.myworkdayjobs.com/en-US/PGI/job/NSS-Senior-Accountant-I_JR6940
Sales Trainee (Griffin Area),,Posted 30+ Days Ago,Sales-Trainee--Griffin-Area-_JR6938,https://pultegroup.wd1.myworkdayjobs.com/en-US/PGI/job/Sales-Trainee--Griffin-Area-_JR6938
Division Financial Analyst,,Posted 30+ Days Ago,Division-Financial-Analyst_JR6930,https://pultegroup.wd1.myworkdayjobs.com/en-US/PGI/job/Division-Financial-Analyst_JR6930
Division Controller,,Posted 30+ Days Ago,Division-Controller_JR6907,https://pultegroup.wd1.myworkdayjobs.com/en-US/PGI/job/Division-Controller_JR6907
2nd Shift - Production Manager,,Posted 30+ Days Ago,XMLNAME-2nd-Shift---Production-Manager_JR6803,https://pultegroup.wd1.myworkdayjobs.com/en-US/PGI/job/XMLNAME-2nd-Shift---Production-Manager_JR6803
Online Sales Specialist,,Posted 30+ Days Ago,Online-Sales-Specialist_JR6897,https://pultegroup.wd1.myworkdayjobs.com/en-US/PGI/job/Online-Sales-Specialist_JR6897
Assistant Construction Manager (Land O Lakes),,Posted 30+ Days Ago,Assistant-Construction-Manager--Land-O-Lakes-_JR5070,https://pultegroup.wd1.myworkdayjobs.com/en-US/PGI/job/Assistant-Construction-Manager--Land-O-Lakes-_JR5070
"General Sales Manager - Nashville, TN",,Posted 30+ Days Ago,General-Sales-Manager---Nashville--TN_JR6872,https://pultegroup.wd1.myworkdayjobs.com/en-US/PGI/job/General-Sales-Manager---Nashville--TN_JR6872
"Assistant Construction Manager - Columbia, SC",,Posted 30+ Days Ago,Assistant-Construction-Manager---Columbia--SC_JR6844,https://pultegroup.wd1.myworkdayjobs.com/en-US/PGI/job/Assistant-Construction-Manager---Columbia--SC_JR6844
Software Developer III - Data,,Posted 30+ Days Ago,Software-Developer-III---Data_JR6856,https://pultegroup.wd1.myworkdayjobs.com/en-US/PGI/job/Software-Developer-III---Data_JR6856
Land Planning & Entitlement Manager,,Posted 30+ Days Ago,Land-Planning---Entitlement-Manager_JR6853,https://pultegroup.wd1.myworkdayjobs.com/en-US/PGI/job/Land-Planning---Entitlement-Manager_JR6853
Division Financial Analyst,,Posted 30+ Days Ago,Division-Financial-Analyst_JR6140,https://pultegroup.wd1.myworkdayjobs.com/en-US/PGI/job/Division-Financial-Analyst_JR6140
Senior Manager Market Intelligence,,Posted 30+ Days Ago,Senior-Manager-Market-Intelligence_JR6799,https://pultegroup.wd1.myworkdayjobs.com/en-US/PGI/job/Senior-Manager-Market-Intelligence_JR6799
Virtual Customer Care Manager,,Posted 30+ Days Ago,Virtual-Customer-Care-Manager_JR6841,https://pultegroup.wd1.myworkdayjobs.com/en-US/PGI/job/Virtual-Customer-Care-Manager_JR6841
Sales Consultant (Spartanburg Area),,Posted 30+ Days Ago,Sales-Consultant--Spartanburg-Area-_JR6037,https://pultegroup.wd1.myworkdayjobs.com/en-US/PGI/job/Sales-Consultant--Spartanburg-Area-_JR6037
Division Director Land Acquisition (Ocala Area),,Posted 30+ Days Ago,Division-Director-Land-Acquisition--Ocala-Area-_JR6838,https://pultegroup.wd1.myworkdayjobs.com/en-US/PGI/job/Division-Director-Land-Acquisition--Ocala-Area-_JR6838
Market Intelligence Senior Analyst,,Posted 30+ Days Ago,Market-Intelligence-Senior-Analyst_JR6800,https://pultegroup.wd1.myworkdayjobs.com/en-US/PGI/job/Market-Intelligence-Senior-Analyst_JR6800
Manager Land Acquisition,,Posted 30+ Days Ago,Manager-Land-Acquisition_JR6501,https://pultegroup.wd1.myworkdayjobs.com/en-US/PGI/job/Manager-Land-Acquisition_JR6501
Division President,,Posted 30+ Days Ago,Salt-Lake-City-Division-President_JR6727,https://pultegroup.wd1.myworkdayjobs.com/en-US/PGI/job/Salt-Lake-City-Division-President_JR6727
Land Project Manager,,Posted 30+ Days Ago,Land-Project-Manager_JR6780,https://pultegroup.wd1.myworkdayjobs.com/en-US/PGI/job/Land-Project-Manager_JR6780
Senior Procurement Agent,,Posted 30+ Days Ago,Senior-Procurement-Agent_JR6773,https://pultegroup.wd1.myworkdayjobs.com/en-US/PGI/job/Senior-Procurement-Agent_JR6773
NSS A/P Lien Coordinator,,Posted 30+ Days Ago,NSS-A-P-Lien-Coordinator_JR6755,https://pultegroup.wd1.myworkdayjobs.com/en-US/PGI/job/NSS-A-P-Lien-Coordinator_JR6755
"Procurement Agent - Nashville, TN",,Posted 30+ Days Ago,Procurement-Agent---Nashville--TN_JR6750,https://pultegroup.wd1.myworkdayjobs.com/en-US/PGI/job/Procurement-Agent---Nashville--TN_JR6750
Manager Land Acquisition,,Posted 30+ Days Ago,Manager-Land-Acquisition_JR6732-1,https://pultegroup.wd1.myworkdayjobs.com/en-US/PGI/job/Manager-Land-Acquisition_JR6732-1
"Manager Land Acquisition - St. George, Utah",,Posted 30+ Days Ago,Manager-Land-Acquisition---St-George--Utah_JR6731,https://pultegroup.wd1.myworkdayjobs.com/en-US/PGI/job/Manager-Land-Acquisition---St-George--Utah_JR6731
Customer Care Manager (Ocala),,Posted 30+ Days Ago,Customer-Care-Manager_JR6687,https://pultegroup.wd1.myworkdayjobs.com/en-US/PGI/job/Customer-Care-Manager_JR6687
"Division Product Agent - Myrtle Beach, SC",,Posted 30+ Days Ago,Division-Product-Agent---Myrtle-Beach--NC_JR6701,https://pultegroup.wd1.myworkdayjobs.com/en-US/PGI/job/Division-Product-Agent---Myrtle-Beach--NC_JR6701
Assistant Superintendent,,Posted 30+ Days Ago,Assistant-Superintendent_JR5700,https://pultegroup.wd1.myworkdayjobs.com/en-US/PGI/job/Assistant-Superintendent_JR5700
"Sales Trainee - Raleigh, NC",,Posted 30+ Days Ago,Sales-Trainee---Raleigh--NC_JR6565,https://pultegroup.wd1.myworkdayjobs.com/en-US/PGI/job/Sales-Trainee---Raleigh--NC_JR6565
"Sales Trainee - Charlotte, NC",,Posted 30+ Days Ago,Sales-Trainee---Charlotte--NC_JR6572,https://pultegroup.wd1.myworkdayjobs.com/en-US/PGI/job/Sales-Trainee---Charlotte--NC_JR6572
Sales Trainee,,Posted 30+ Days Ago,Sales-Trainee_JR6496,https://pultegroup.wd1.myworkdayjobs.com/en-US/PGI/job/Sales-Trainee_JR6496
"Land Project Manager - Raleigh, NC",,Posted 30+ Days Ago,Land-Project-Manager---Raleigh--NC_JR6490,https://pultegroup.wd1.myworkdayjobs.com/en-US/PGI/job/Land-Project-Manager---Raleigh--NC_JR6490
Area Construction Manager,,Posted 30+ Days Ago,Area-Construction-Manager_JR6486,https://pultegroup.wd1.myworkdayjobs.com/en-US/PGI/job/Area-Construction-Manager_JR6486
"Sales Consultant - Charlotte, NC",,Posted 30+ Days Ago,Sales-Consultant---Charlotte--NC_JR6475,https://pultegroup.wd1.myworkdayjobs.com/en-US/PGI/job/Sales-Consultant---Charlotte--NC_JR6475
Sales Consultant (Melbourne/Palm Bay Area),,Posted 30+ Days Ago,Sales-Consultant--Melbourne-Palm-Bay-Area-_JR6474,https://pultegroup.wd1.myworkdayjobs.com/en-US/PGI/job/Sales-Consultant--Melbourne-Palm-Bay-Area-_JR6474
"Sales Consultant - Charlotte, NC",,Posted 30+ Days Ago,Sales-Consultant---Charlotte--NC_JR6473-1,https://pultegroup.wd1.myworkdayjobs.com/en-US/PGI/job/Sales-Consultant---Charlotte--NC_JR6473-1
"Sales Consultant - Bluffton/Hilton Head, SC",,Posted 30+ Days Ago,Sales-Consultant---Bluffton-Hilton-Head--SC_JR6258-1,https://pultegroup.wd1.myworkdayjobs.com/en-US/PGI/job/Sales-Consultant---Bluffton-Hilton-Head--SC_JR6258-1
Manager Growth and Strategic Partnerships,,Posted 30+ Days Ago,Manager-Growth-and-Strategic-Partnerships_JR5718,https://pultegroup.wd1.myworkdayjobs.com/en-US/PGI/job/Manager-Growth-and-Strategic-Partnerships_JR5718
"Sales Consultant - Salt Lake City, Utah",,Posted 30+ Days Ago,Sales-Consultant---Salt-Lake-City--Utah_JR6116,https://pultegroup.wd1.myworkdayjobs.com/en-US/PGI/job/Sales-Consultant---Salt-Lake-City--Utah_JR6116
Sales Consultant (Bradenton Area),,Posted 30+ Days Ago,Sales-Consultant--Bradenton-Area-_JR6113,https://pultegroup.wd1.myworkdayjobs.com/en-US/PGI/job/Sales-Consultant--Bradenton-Area-_JR6113
Assistant Customer Care Manager,,Posted 30+ Days Ago,Assistant-Customer-Care-Manager_JR6103,https://pultegroup.wd1.myworkdayjobs.com/en-US/PGI/job/Assistant-Customer-Care-Manager_JR6103
Lead Punch Carpenter,,Posted 30+ Days Ago,Lead-Punch-Carpenter_JR6086,https://pultegroup.wd1.myworkdayjobs.com/en-US/PGI/job/Lead-Punch-Carpenter_JR6086
NSS Senior Accountant I,,Posted 30+ Days Ago,NSS-Senior-Accountant-I_JR4480-1,https://pultegroup.wd1.myworkdayjobs.com/en-US/PGI/job/NSS-Senior-Accountant-I_JR4480-1
Civil Engineering Project Manager,,Posted 30+ Days Ago,Civil-Engineering-Project-Manager_JR5917-1,https://pultegroup.wd1.myworkdayjobs.com/en-US/PGI/job/Civil-Engineering-Project-Manager_JR5917-1
Land Acquisition Manager,,Posted 30+ Days Ago,Land-Acquisition-Manager_JR5736,https://pultegroup.wd1.myworkdayjobs.com/en-US/PGI/job/Land-Acquisition-Manager_JR5736
"Sales Consultant - Hilton Head, SC",,Posted 30+ Days Ago,Sales-Consultant---Hilton-Head--SC_JR5867,https://pultegroup.wd1.myworkdayjobs.com/en-US/PGI/job/Sales-Consultant---Hilton-Head--SC_JR5867
Corporate Audit Manager,,Posted 30+ Days Ago,Corporate-Audit-Manager_JR5545,https://pultegroup.wd1.myworkdayjobs.com/en-US/PGI/job/Corporate-Audit-Manager_JR5545
Closing Coordinator,,Posted 30+ Days Ago,Closing-Coordinator_JR5415,https://pultegroup.wd1.myworkdayjobs.com/en-US/PGI/job/Closing-Coordinator_JR5415
Manager Land Acquisition,,Posted 30+ Days Ago,Manager-Land-Acquisition_JR5683,https://pultegroup.wd1.myworkdayjobs.com/en-US/PGI/job/Manager-Land-Acquisition_JR5683
"Assistant Construction Manager - Savannah, GA",,Posted 30+ Days Ago,Assistant-Construction-Manager---Savannah--GA_JR5077,https://pultegroup.wd1.myworkdayjobs.com/en-US/PGI/job/Assistant-Construction-Manager---Savannah--GA_JR5077
Customer Care Manager II (Wesley Chapel),,Posted 30+ Days Ago,Customer-Care-Manager-II--Wesley-Chapel-_JR4529,https://pultegroup.wd1.myworkdayjobs.com/en-US/PGI/job/Customer-Care-Manager-II--Wesley-Chapel-_JR4529
"General Sales Manager - Myrtle Beach, SC",,Posted 30+ Days Ago,General-Sales-Manager---Myrtle-Beach--SC_JR5023,https://pultegroup.wd1.myworkdayjobs.com/en-US/PGI/job/General-Sales-Manager---Myrtle-Beach--SC_JR5023
Land Coordinator,,Posted 30+ Days Ago,Land-Coordinator_JR5185,https://pultegroup.wd1.myworkdayjobs.com/en-US/PGI/job/Land-Coordinator_JR5185
"Land Project Manager - Savannah, GA",,Posted 30+ Days Ago,Land-Project-Manager---Hilton-Head--SC_JR4032,https://pultegroup.wd1.myworkdayjobs.com/en-US/PGI/job/Land-Project-Manager---Hilton-Head--SC_JR4032
"Sales Consultant - San Jose, CA",,Posted 30+ Days Ago,Sales-Consultant---San-Jose--CA_JR5207,https://pultegroup.wd1.myworkdayjobs.com/en-US/PGI/job/Sales-Consultant---San-Jose--CA_JR5207
Assistant Construction Manager,,Posted 30+ Days Ago,Assistant-Construction-Manager_JR4896,https://pultegroup.wd1.myworkdayjobs.com/en-US/PGI/job/Assistant-Construction-Manager_JR4896
Construction Manager,,Posted 30+ Days Ago,Construction-Manager_JR4851,https://pultegroup.wd1.myworkdayjobs.com/en-US/PGI/job/Construction-Manager_JR4851
Land Acquisition Manager,,Posted 30+ Days Ago,Land-Acquisition-Manager_JR4404,https://pultegroup.wd1.myworkdayjobs.com/en-US/PGI/job/Land-Acquisition-Manager_JR4404
